{
	"info": {
		"_postman_id": "b0a4e577-dcbc-4da7-a7b9-9b9f124506c8",
		"name": "postman_dv_activities",
		"schema": "https://schema.getpostman.com/json/collection/v2.1.0/collection.json"
	},
	"item": [
		{
			"name": "Get All Activities",
			"event": [
				{
					"listen": "test",
					"script": {
						"exec": [
							"pm.test(\"Successful response\", function () {",
							"    pm.expect(pm.response.json().length).to.eql(30);",
							"    pm.expect(pm.response.code).to.eql(200);",
							"});"
						],
						"type": "text/javascript"
					}
				}
			],
			"request": {
				"auth": {
					"type": "noauth"
				},
				"method": "GET",
				"header": [],
				"url": {
					"raw": "http://project3application-appservice.azurewebsites.net/api/activities",
					"protocol": "http",
					"host": [
						"project3application-appservice",
						"azurewebsites",
						"net"
					],
					"path": [
						"api",
						"activities"
					]
				}
			},
			"response": []
		},
		{
			"name": "Create Activity",
			"event": [
				{
					"listen": "test",
					"script": {
						"exec": [
							"pm.test(\"Successful DV Create response\", function () {",
							"    pm.expect(pm.response.json().ID).to.equal(40);",
							"    pm.expect(pm.response.json().Title).to.equal(\"Activity Test 40\");",
							"    pm.expect(pm.response.json().DueDate).to.equal(\"2021-12-20T21:00:08.1926055+00:00\");",
							"    pm.expect(pm.response.json().Completed).to.equal(false);",
							"    pm.expect(pm.response.code).to.eql(200);",
							"});",
							"var jsonData = pm.response.json();",
							"pm.environment.set(\"ActivityId\", jsonData.ID);"
						],
						"type": "text/javascript"
					}
				}
			],
			"request": {
				"auth": {
					"type": "noauth"
				},
				"method": "POST",
				"header": [],
				"body": {
					"mode": "raw",
					"raw": "{\n    \"ID\": 40,\n    \"Title\": \"Activity Test 40\",\n    \"DueDate\": \"2021-12-20T21:00:08.1926055+00:00\",\n    \"Completed\": \"false\"\n}",
					"options": {
						"raw": {
							"language": "json"
						}
					}
				},
				"url": {
					"raw": "http://project3application-appservice.azurewebsites.net/api/Activities",
					"protocol": "http",
					"host": [
						"project3application-appservice",
						"azurewebsites",
						"net"
					],
					"path": [
						"api",
						"Activities"
					]
				}
			},
			"response": []
		},
		{
			"name": "Update Activity",
			"event": [
				{
					"listen": "test",
					"script": {
						"exec": [
							"pm.test(\"Successful DV PUT response\", function () {",
							"    pm.expect(pm.response.json().Completed).to.equal(true);",
							"    pm.expect(pm.response.code).to.eql(200);",
							"});"
						],
						"type": "text/javascript"
					}
				}
			],
			"request": {
				"auth": {
					"type": "noauth"
				},
				"method": "PUT",
				"header": [],
				"body": {
					"mode": "raw",
					"raw": "{\n    \"Completed\": true\n}",
					"options": {
						"raw": {
							"language": "json"
						}
					}
				},
				"url": {
					"raw": "http://project3application-appservice.azurewebsites.net/api/Activities/{{ActivityId}}",
					"protocol": "http",
					"host": [
						"project3application-appservice",
						"azurewebsites",
						"net"
					],
					"path": [
						"api",
						"Activities",
						"{{ActivityId}}"
					]
				}
			},
			"response": []
		},
		{
			"name": "Delete Activity",
			"event": [
				{
					"listen": "test",
					"script": {
						"exec": [
							"pm.test(\"Successful DV Delete response\", function () {",
							"    pm.expect(pm.response.code).to.eql(200);",
							"    pm.expect(pm.response.status).to.eql('OK');",
							"});",
							"pm.environment.set(\"ActivityId\", null);"
						],
						"type": "text/javascript"
					}
				}
			],
			"request": {
				"method": "DELETE",
				"header": [],
				"body": {
					"mode": "raw",
					"raw": "{\n    \"\"\n}",
					"options": {
						"raw": {
							"language": "json"
						}
					}
				},
				"url": {
					"raw": "http://project3application-appservice.azurewebsites.net/api/Activities/{{ActivityId}}",
					"protocol": "http",
					"host": [
						"project3application-appservice",
						"azurewebsites",
						"net"
					],
					"path": [
						"api",
						"Activities",
						"{{ActivityId}}"
					]
				}
			},
			"response": []
		}
	]
}