{
	"info": {
		"_postman_id": "01a1fb56-b133-4a65-a91a-95355d9a9db7",
		"name": "postman_dv",
		"schema": "https://schema.getpostman.com/json/collection/v2.1.0/collection.json"
	},
	"item": [
		{
			"name": "Get by Employee Id",
			"event": [
				{
					"listen": "test",
					"script": {
						"exec": [
							"var employee_id = pm.environment.get(\"id\");",
							"pm.test(\"Employee Id found\", function () {",
							"    pm.expect(pm.response.text()).to.include(employee_id);",
							"});"
						],
						"type": "text/javascript"
					}
				}
			],
			"request": {
				"method": "GET",
				"header": [],
				"url": {
					"raw": "http://dummy.restapiexample.com/api/v1/employee/{{id}}",
					"protocol": "http",
					"host": [
						"dummy",
						"restapiexample",
						"com"
					],
					"path": [
						"api",
						"v1",
						"employee",
						"{{id}}"
					]
				}
			},
			"response": []
		},
		{
			"name": "Create Employee",
			"event": [
				{
					"listen": "test",
					"script": {
						"exec": [
							"pm.test(\"Successful response\", function () {",
							"    pm.expect(pm.response.text()).to.include(\"success\");",
							"});",
							"var json = pm.response.json();",
							"pm.environment.set(\"id\", json.data.id);"
						],
						"type": "text/javascript"
					}
				}
			],
			"request": {
				"method": "POST",
				"header": [],
				"body": {
					"mode": "raw",
					"raw": "{\n    \"id\": 25,\n    \"name\": \"Jo Bloggs\",\n    \"salary\": \"36000\",\n    \"age\": \"50\"\n}",
					"options": {
						"raw": {
							"language": "json"
						}
					}
				},
				"url": {
					"raw": "http://dummy.restapiexample.com/api/v1/create",
					"protocol": "http",
					"host": [
						"dummy",
						"restapiexample",
						"com"
					],
					"path": [
						"api",
						"v1",
						"create"
					]
				}
			},
			"response": []
		},
		{
			"name": "Update Employee",
			"event": [
				{
					"listen": "test",
					"script": {
						"exec": [
							"pm.test(\"Successful response\", function () {",
							"    pm.expect(pm.response.text()).to.include(\"success\");",
							"});"
						],
						"type": "text/javascript"
					}
				}
			],
			"request": {
				"auth": {
					"type": "noauth"
				},
				"method": "PUT",
				"header": [],
				"body": {
					"mode": "raw",
					"raw": "{\n    \"age\": \"{{age}}\"\n}",
					"options": {
						"raw": {
							"language": "json"
						}
					}
				},
				"url": {
					"raw": "http://dummy.restapiexample.com/api/v1/update/{{id}}",
					"protocol": "http",
					"host": [
						"dummy",
						"restapiexample",
						"com"
					],
					"path": [
						"api",
						"v1",
						"update",
						"{{id}}"
					]
				}
			},
			"response": []
		},
		{
			"name": "Delete Employee",
			"event": [
				{
					"listen": "test",
					"script": {
						"exec": [
							"pm.test(\"Successful response\", function () {",
							"    pm.expect(pm.response.text()).to.include(\"success\");",
							"});"
						],
						"type": "text/javascript"
					}
				}
			],
			"request": {
				"method": "DELETE",
				"header": [],
				"body": {
					"mode": "raw",
					"raw": "{\n    \"\"\n}",
					"options": {
						"raw": {
							"language": "json"
						}
					}
				},
				"url": {
					"raw": "http://dummy.restapiexample.com/api/v1/delete/{{id}}",
					"protocol": "http",
					"host": [
						"dummy",
						"restapiexample",
						"com"
					],
					"path": [
						"api",
						"v1",
						"delete",
						"{{id}}"
					]
				}
			},
			"response": []
		},
		{
			"name": "Get All Employees",
			"event": [
				{
					"listen": "test",
					"script": {
						"exec": [
							"pm.test(\"Successful response\", function () {",
							"    pm.expect(pm.response.text()).to.include(\"success\");",
							"});",
							""
						],
						"type": "text/javascript"
					}
				}
			],
			"request": {
				"auth": {
					"type": "noauth"
				},
				"method": "GET",
				"header": [],
				"url": {
					"raw": "http://dummy.restapiexample.com/api/v1/employees",
					"protocol": "http",
					"host": [
						"dummy",
						"restapiexample",
						"com"
					],
					"path": [
						"api",
						"v1",
						"employees"
					]
				}
			},
			"response": []
		}
	]
}